iter	Logloss
0	0.6191436768
1	0.5440674438
2	0.4792662354
3	0.4325177612
4	0.3797044373
5	0.3536134644
6	0.322320282
7	0.2955169373
8	0.272168335
9	0.2547443237
10	0.231646759
11	0.2134294128
12	0.1970512695
13	0.1853179626
14	0.1706157532
15	0.1631938629
